{
  "id": "b9d0c644-4100-43d8-8fb3-3ff543787e87",
  "name": "Dinner",
  "auto": true,
  "contexts": [],
  "userSays": [
    {
      "id": "021a2118-67d0-4827-9fd3-ee71b847f348",
      "data": [
        {
          "text": "suggest some "
        },
        {
          "text": "snacks",
          "alias": "food_type",
          "meta": "@lunch_type",
          "userDefined": true
        }
      ],
      "isTemplate": false,
      "count": 0
    },
    {
      "id": "f69f056c-e1e3-4239-834f-01ef73c7e265",
      "data": [
        {
          "text": "suggest something for "
        },
        {
          "text": "breakfast",
          "alias": "food_type",
          "meta": "@lunch_type",
          "userDefined": true
        }
      ],
      "isTemplate": false,
      "count": 0
    },
    {
      "id": "fc0dc1fe-2e2d-403f-ab1d-095ded001337",
      "data": [
        {
          "text": "i would like to have "
        },
        {
          "text": "lunch",
          "alias": "food_type",
          "meta": "@lunch_type",
          "userDefined": true
        }
      ],
      "isTemplate": false,
      "count": 0
    },
    {
      "id": "280237f1-9b6c-4e65-b57f-5702376e1da4",
      "data": [
        {
          "text": "i will have "
        },
        {
          "text": "dinner",
          "alias": "food_type",
          "meta": "@lunch_type",
          "userDefined": true
        }
      ],
      "isTemplate": false,
      "count": 0
    },
    {
      "id": "c493909c-3d41-46a4-853f-62d383117a92",
      "data": [
        {
          "text": "what\u0027s for "
        },
        {
          "text": "dinner",
          "alias": "food_type",
          "meta": "@lunch_type",
          "userDefined": true
        }
      ],
      "isTemplate": false,
      "count": 0
    }
  ],
  "responses": [
    {
      "resetContexts": false,
      "affectedContexts": [],
      "parameters": [
        {
          "dataType": "@lunch_type",
          "name": "food_type",
          "value": "$food_type"
        }
      ],
      "speech": "Would you like to have for $food_type pizza or pasta?"
    }
  ],
  "priority": 500000,
  "webhookUsed": false,
  "fallbackIntent": false
}