{
  "id": "007960ea-1a64-441b-a84b-8b923cc8bbc7",
  "name": "I want to cook something",
  "auto": true,
  "contexts": [],
  "userSays": [
    {
      "id": "c058a671-9eb6-45a8-b8e5-07315feb272c",
      "data": [
        {
          "text": "I want to cook something"
        }
      ],
      "isTemplate": false,
      "count": 0
    }
  ],
  "responses": [
    {
      "resetContexts": false,
      "affectedContexts": [],
      "parameters": [],
      "speech": "would you like to have lunch or dinner?"
    }
  ],
  "priority": 500000,
  "webhookUsed": false,
  "fallbackIntent": false
}